"","data3.warstds","predictors.fl","predictors.ch","predictors.hs","predictors.rf"
"1",0,0.0290214764589453,0.00880444209178101,0.00805313566946666,0.732196589769308
"2",0,0.0134315779456735,0.0694971736440867,0.0320857195772056,0.494979919678715
"3",0,0.0141812793674134,0.00553809279557328,0.105468544499269,0.792338709677419
"4",0,0.00959313566354561,0.00064971477417944,0.00301287608046486,0.152917505030181
"5",1,0.00895862338364195,0.00227983708217717,0.000295039287318684,0.253279515640767
"6",0,0.0154536691688163,0.0168951007032548,0.000913885644815202,0.352705410821643
"7",1,0.00173194648092286,0.00168201925024899,0.0130858048698203,0.224674022066199
"8",0,0.00713927428016167,0.00847106458494886,0.000558815565909529,0.0684793554884189
"9",1,0.0338088955100827,0.0484876509298644,0.00376264924997048,0.808808808808809
"10",0,0.00769429643725422,0.0633650692216439,0.00398453108719471,0.793969849246231
"11",1,0.0199636851834428,0.00709072431987325,0.0197319135381337,0.518072289156627
"12",0,0.00576965503476726,0.00133065415350339,0.0277011581798988,0.359516616314199
"13",0,0.00886194329094822,0.00419332156502749,0.0231450310433513,0.599799398194584
"14",0,0.027099179201375,0.00626171679456311,0.012699156656505,0.344344344344344
"15",0,0.00497322375837352,0.00696142994173964,0.00671334894970243,0.246740220661986
"16",0,0.00355043659004587,0.0124633740748196,0.00623854598571389,0.0934673366834171
"17",0,0.0265102556664537,0.1259889962354,0.0223381439681122,0.198795180722892
"18",0,0.00679298904781327,0.0114173523287688,0.0624781422989064,0.153
"19",0,0.0043690359902045,0.0153305819431303,0.0453167631227761,0.0824120603015075
"20",0,0.00347835504949392,0.0528265675717383,0.00232574257641409,0.90990990990991
"21",0,0.0289266071774672,2.22044604925031e-16,0.111877057183059,0.360160965794769
"22",1,0.0421471948393324,0.00848331374085402,0.0144376804015003,0.12964824120603
"23",0,0.0665187171519372,0.00286867008831649,0.0054448346075219,0.0750750750750751
"24",0,0.00710233288500297,0.0233351194308953,0.00038903487649982,0.215075376884422
"25",0,0.0119253119498966,0.00362780655720178,0.00805314479439129,0.112676056338028
"26",0,0.00659199973430313,0.00523441359103643,0.0150112772883975,0.357287449392713
"27",0,0.0307421282273942,0.00287612388580606,0.0234764837617107,0.0836693548387097
"28",0,0.0242405491337208,0.0221358249526462,0.0070400088405574,0.175226586102719
"29",0,0.00647146925945983,0.0673517437243756,0.0483576396440423,0.0321931589537223
"30",1,0.00427238600930858,0.00487014235468155,0.000386054156739619,0.522796352583587
"31",0,0.00345057382729585,0.0038341387346377,0.0324751708798401,0.054380664652568
"32",0,0.0378027042420944,0.0213287307348679,0.0103056654464989,0.745490981963928
"33",0,0.00911841847382777,0.00276224340009407,0.016440474627436,0.0774647887323944
"34",0,0.0024732953362092,0.0201937782856921,0.000415581426648898,0.308926780341023
"35",0,0.00298794449805957,0.0473683064428627,0.000266908866131904,0.593781344032096
"36",0,0.00631133017318627,0.00879299356437993,0.00951827913707662,0.0562814070351759
"37",1,0.0067675928466681,0.0440570123025783,0.0102873659724339,0.868076535750252
"38",0,0.00454301625234584,0.00640536341574702,0.012162622872021,0.224899598393574
"39",0,0.0141045637802131,0.00669678758229396,0.0173144751008162,0.826305220883534
"40",1,0.0126120078583694,0.0254519508720348,0.000324359223193732,0.940822467402207
"41",0,0.0307665949390911,0.00866569935254136,0.0184098138036266,0.47289156626506
"42",0,0.0262277467946706,4.77358779213905e-07,0.0156298320905345,0.829637096774194
"43",0,0.0150239765211305,0.00776814036774039,0.00467619717574521,0.069
"44",0,0.00292878043874719,0.00636704577188959,0.00608049403541924,0.170682730923695
"45",0,0.120685263781904,0.0102472626739411,0.000655904240712363,0.130391173520562
"46",1,0.0173106978465496,0.000317513814679821,0.000236896011617386,0.555778894472362
"47",0,0.0216441196277092,0.00511337875451011,0.0690234903878903,0.659979939819458
"48",1,0.00310868500323668,0.01063468276957,0.0310967660011145,0.742971887550201
"49",0,0.0365705598569586,0.00205361891104638,0.0460900189321831,0.16566265060241
"50",0,0.00581625268014041,0.0252404031603705,0.0805546840663958,0.211480362537764
"51",0,0.0313452901377092,0.00257621847580195,0.000483982790139966,0.0601202404809619
"52",0,0.0322789195527976,0.0216190133634907,0.0224697321182979,0.161646586345382
"53",0,0.0213093037266776,0.0153306512321988,0.0169808483439376,0.0403225806451613
"54",0,0.018262303256846,0.177987521620443,0.00799049921321204,0.75250501002004
"55",0,0.00619865081452976,0.00200564880125875,0.0285320563754047,0.698492462311558
"56",0,0.0097513960089991,0.00439848757668451,0.000534237575563793,0.599198396793587
"57",0,0.0038058601529143,0.0267952355691056,0.00376191600757023,0.518555667001003
"58",0,0.0150836357170875,0.0587590973278146,0.016322589317415,0.461306532663317
"59",0,0.0433569485662522,0.0278336434817111,0.00661927542957489,0.166499498495486
"60",0,0.00568068718778512,8.07044858603169e-09,0.024061898461529,0.279233870967742
"61",0,0.0122326162054016,0.00146316326386456,0.000525557782413356,0.0651302605210421
"62",0,0.00385439274358241,0.0199784455390586,0.00530112143488206,0.749247743229689
"63",0,0.0275761126500238,0.0380587264119227,0.0117569759014964,0.867203219315895
"64",0,0.00818384045001765,0.00673165820214465,0.0130179456931679,0.17907444668008
"65",0,0.0041941422030547,0.0162317945672853,0.0266886172045124,0.236656596173212
"66",0,0.019024633815955,0.00247963598178178,0.000655388224814388,0.196589769307924
"67",0,0.00717214763613494,0.0565261534618453,0.00586216822861955,0.176056338028169
"68",0,0.00319154371153269,0.00289988422200526,0.0287699295888923,0.777217741935484
"69",0,0.00581398252753327,0.00305271824334682,0.00632213739096422,0.0915492957746479
"70",0,0.00239198244438844,0.00311184171401409,0.0305883430461721,0.438508064516129
"71",0,0.0049402380750126,0.00215404752987945,0.00305248693699082,0.287009063444109
"72",0,0.0411664274516329,0.00949643863132599,0.015573669573592,0.978894472361809
"73",0,0.018153207899889,0.0129532921511807,0.0017913640787313,0.178068410462777
"74",0,0.00690695670251547,0.00675716505176538,0.0380301127599533,0.235175879396985
"75",0,0.0118970301798065,0.00248664449149091,0.00743276207586982,0.179718875502008
"76",0,0.00625304020833761,0.0354174451687475,0.0020989601460588,0.195367573011078
"77",0,0.0214955642367598,0.0672276309506036,0.0060547207462271,0.107429718875502
"78",0,0.0102173243268965,0.00520730295946994,0.00435613802476765,0.808425275827482
"79",0,0.00525247177070637,0.00503557639166463,0.00363451804200979,0.392964824120603
"80",0,0.00872817562322342,0.0390484662834176,0.00253425951056547,0.12938816449348
"81",0,0.0445838221987992,0.0213618801547953,0.0472767016255302,0.101303911735206
"82",0,0.00425090301597478,0.015202522632531,0.00820288549672834,0.321965897693079
"83",0,0.00967955894240465,0.0026468178908643,0.00351790570151633,0.170682730923695
"84",0,0.00350323840826472,0.0299473097807228,0.000612999764261735,0.391566265060241
"85",0,0.00632888198956034,0.0218164494236611,0.00434382590532876,0.156092648539778
"86",0,0.0047713517953693,0.0224921653050062,0.0408922723062077,0.0863453815261044
"87",0,0.00268351991300898,0.00124509799995913,0.00640069658848262,0.440201005025126
"88",1,0.00285835247007395,0.00296776400951606,0.00152710439288919,0.763343403826788
"89",0,0.0187627594736809,0.00109395973620833,0.00723446682657533,0.63627254509018
"90",0,0.0365120717367495,0.00974021884554542,0.0107050410614422,0.0712136409227683
"91",0,0.0475253380912664,0.00942236485807897,0.00663729531354231,0.321643286573146
"92",1,0.00348369625208005,0.000672062789725422,0.00899040025465006,0.0544354838709677
"93",0,0.00858828219571907,0.058540313601026,0.0326538764187861,0.537840565085772
"94",0,0.00538611158364436,0.00367269942093864,0.106801217178346,0.774420946626385
"95",0,0.00566689866541167,0.00678166153804476,0.0163130402550383,0.294589178356713
"96",0,0.00903045877146104,0.00511473378895576,0.0410033369603037,0.835671342685371
"97",0,0.00943962817000669,0.00433651792421145,0.000274162834779502,0.798994974874372
"98",0,0.0233659481362385,0.00100662509094218,0.0130948790992544,0.0220440881763527
"99",0,0.0139285752040564,0.0638207463747317,0.0190783896643604,0.44321608040201
"100",0,0.0172655802052102,0.0260911331529988,0.0115967947182995,0.45937813440321
"101",0,0.00617759300593139,0.0143996638287367,0.0124128591874308,0.0291164658634538
"102",0,0.0484993350105968,0.0119009548821241,0.0204162801580544,0.04004004004004
"103",1,0.00837103295153917,0.0659201625260995,0.0239034833587096,0.212424849699399
"104",0,0.00631857473166222,0.00673891941852074,0.00502889538059537,0.193969849246231
"105",0,0.00461789771201693,0.00805991707648472,0.000628589612425257,0.469
"106",0,0.00366894170513802,0.0163065995432379,0.0136036878046032,0.148036253776435
"107",0,0.0183597807727723,0.00716856634693922,0.0182293153949035,0.041123370110331
"108",1,0.00941010989226298,0.0120725658700057,0.00626637188256094,0.0863453815261044
"109",0,0.0119634577691395,0.00329574752932911,0.0334157113831036,0.213855421686747
"110",0,0.025450403763857,0.0797090161392958,0.0202505820299208,0.207414829659319
"111",0,0.00578193415383326,0.00596100378002199,0.401539531898283,0.195586760280843
"112",1,0.0147313836791514,0.0160370576707285,0.014920384888972,0.144153225806452
"113",0,0.00372623322390928,0.0165233703618999,0.000496509464370717,0.43043043043043
"114",0,0.00315066550573347,0.00593510188955571,0.0650724944667828,0.0974874371859296
"115",0,0.0104560806461841,0.00867550262312873,0.0679975872784242,0.386934673366834
"116",0,0.0499277696534554,0.015780415425018,0.0382270735490187,0.313941825476429
"117",0,0.0423892142145367,0.00654238152775695,0.00207750437669037,0.0913654618473896
"118",0,0.0149747382330561,0.0531184539544724,0.00178791949037609,0.204020100502513
"119",0,0.00202607205522648,0.11239750821876,0.000617520775001798,0.534673366834171
"120",0,0.0216969852344498,0.00752893231845982,0.00592785408392707,0.0773092369477912
"121",0,0.0083788724773359,0.00551527915472323,0.00481073906905605,0.118236472945892
"122",0,0.0100344885312052,0.00957594074331236,0.0131711898754743,0.0321608040201005
"123",0,0.0200240394882997,1.83256141178391e-06,0.0130031507861148,0.813253012048193
"124",0,0.0205634439162088,0.00882716928592747,0.0446794710910052,0.478478478478478
"125",0,0.00375350132765848,0.00135059086116559,0.0013860852896706,0.157157157157157
"126",0,0.00716027516585534,0.00258529056220744,0.016762318056819,0.0804020100502513
"127",0,0.0112602742416396,0.00369864210108982,0.00103436102034953,0.322645290581162
"128",0,0.00853045736788829,0.0226217227099304,0.00847370464648247,0.545271629778672
"129",0,0.00524112570988057,0.00117221340170173,0.00863418320363398,0.727911646586345
"130",0,0.00447591936515907,0.0179861727164576,0.00629127915553812,0.216649949849549
"131",0,0.0102063730869478,0.00435420232357863,0.0116667541724597,0.56841046277666
"132",0,0.0053100149179864,0.0415769365989515,0.0550363206184461,0.106639839034205
"133",0,0.00538383138188221,0.00451306040741781,0.000332469003704254,0.910191725529768
"134",0,0.00803014870697502,0.0105673053148854,0.0420719941811566,0.334340382678751
"135",0,0.0026599698463877,0.0143821618246341,0.00542504060303956,0.169169169169169
"136",0,0.0374408758125871,0.00137274213914336,0.00591388856261283,0.282128514056225
"137",0,0.0196271821325783,0.0156512694796327,0.000553272871617749,0.411823647294589
"138",0,0.00367042996020051,0.0354170099949754,0.000591765472805364,0.0331991951710262
"139",0,0.00449591282536139,0.026337438177253,0.0962242729349087,0.292168674698795
"140",0,0.00285833357354678,0.0140854341347809,0.00760733973901103,0.267068273092369
"141",0,0.00776353839854676,0.00196148177219347,0.0012710967897063,0.0783132530120482
"142",0,0.00462371763213038,0.0427504315082098,0.0372824217162304,0.0983935742971888
"143",0,0.010443895778895,0.00133559043834258,0.139745565905939,0.031031031031031
"144",0,0.00660599922385191,0.00461576456772835,0.00495469291937446,0.481294236602629
"145",0,0.00812381913642262,0.00235306782821235,0.0565246084705605,0.0845070422535211
"146",0,0.00191340666654265,0.0260847097089936,0.000167320892904912,0.874734607218684
"147",0,0.0123907507315968,0.0229349669836012,0.00891441027973995,0.421105527638191
"148",0,0.00930608435824693,0.0388385871780095,0.00736527972923107,0.134403209628887
"149",0,0.0904036259902816,0.0104601568974605,0.007390520094727,0.0250501002004008
"150",0,0.0169039919630822,1.05722752334633e-06,0.00538993601330174,0.528585757271815
"151",0,0.00235635167633444,0.0450632833248903,0.00310931016449093,0.0821643286573146
"152",0,0.041967808587673,0.00288108602470631,0.0804955083379171,0.348088531187123
"153",0,0.0277632749275931,0.0030671088427802,0.0126033992048555,0.0621865596790371
"154",0,0.0094459087067169,0.0874250425975447,0.00199690640638973,0.449899799599198
"155",0,0.00375529586336462,0.0111004735472719,0.0444868964095931,0.389949748743719
"156",0,0.022718730947437,0.0159364735021565,0.00354567084828976,0.0200601805416249
"157",0,0.00667474454292415,0.0315572546139453,0.0004643393577116,0.780904522613065
"158",0,0.00200666941839114,0.0373833140031069,0.000685604113827717,0.242211055276382
"159",0,0.00406461648310339,0.0296336118855178,0.00355341850676061,0.323943661971831
"160",0,0.0488051398175701,0.0402168508942414,0.000518147817995319,0.424849699398798
"161",0,0.00817594694678022,0.0047825645525348,0.00626048138338885,0.267803410230692
"162",0,0.00978801558040215,0.000366138652661811,0.00133332102949989,0.346385542168675
"163",0,0.0526487162500694,0.0210434705590284,0.0126322398257487,0.970720720720721
"164",0,0.0247115447161287,0.00146337241538951,0.00183184058479624,0.408080808080808
"165",0,0.0238703998447963,0.00952843434286638,0.0153009985524957,0.571142284569138
"166",0,0.00946157346601959,0.00209223386296307,0.00356801616513856,0.205616850551655
"167",0,0.00166147116335117,0.00831732411052753,0.00254703220708206,0.277833500501505
"168",0,0.00511932407217413,0.00551354555503077,0.00323141310756639,0.715430861723447
"169",0,0.00911258315092306,0.0386316074774626,0.00640042885679287,0.0511534603811434
"170",0,0.0622216605571581,0.00745762445583874,0.00158368009592999,0.0923694779116466
"171",0,0.00736856187394814,2.22044604925031e-16,0.00267031662634401,0.156941649899396
"172",0,0.00939101963614922,0.0107598099711219,0.0478011159829444,0.124248496993988
"173",0,0.0171345855049266,0.0187718606528895,0.00106834387616803,0.101507537688442
"174",0,0.0171957499620114,0.00347682781137231,0.00493792877479169,0.218090452261307
"175",0,0.026045469166372,0.0153753468353444,0.0122771586637924,0.146881287726358
"176",0,0.00349268166639714,0.0362112954863933,0.00406022519456727,0.352056168505517
"177",0,0.0021651812308281,0.0266874083798918,0.000608998142546398,0.131526104417671
"178",1,0.00779753756738066,0.0613356918244446,0.147448429902143,0.359077231695085
"179",0,0.0121230476051186,0.0017551961780287,0.0683963880044806,0.0895372233400402
"180",0,0.00560668986570074,0.00440554262563865,0.00300354325409085,0.0311557788944724
"181",0,0.00581337458394735,0.0136562846857974,0.0172865342068916,0.622110552763819
"182",0,0.00682935143193138,0.00278398068435208,0.00631186711859966,0.764824120603015
"183",0,0.00678211090238935,0.00881794180700708,0.000838889852032249,0.877263581488934
"184",0,0.0287037885644518,0.0207917526937647,0.000824644921459002,0.273273273273273
"185",0,0.0105480577079054,0.0179014951663166,0.00859453000837846,0.101
"186",0,0.00274252263814511,0.058996141167839,0.0023237678563477,0.298492462311558
"187",0,0.0492843442610747,0.00708795725866412,0.00418404668408463,0.332329317269076
"188",0,0.00928881819486101,0.00293675864957828,0.00557667877650313,0.643574297188755
"189",0,0.0044631502479507,0.000292185773342151,0.00699294081744395,0.321572580645161
"190",0,0.00781505960857267,0.00333951827484991,0.0179542852381555,0.242728184553661
"191",0,0.00626511737669624,0.0060444853466514,0.00862823284496878,0.816449348044132
"192",0,0.00706449932263111,0.00840050710801833,0.00719838239281469,0.65427135678392
"193",0,0.0194952638054217,0.00861279638601206,0.00072753036437538,0.273092369477912
"194",0,0.0170057549955574,0.0213081166210959,0.0178927897307764,0.813333333333333
"195",0,0.00466982661965088,0.0446326593200259,0.0143468030495216,0.813813813813814
"196",0,0.107463317423625,0.22700222587801,0.0114220913917761,0.425553319919517
"197",0,0.0092157369943031,6.28860785822466e-09,0.0151166219614228,0.0361809045226131
"198",0,0.0227774517660377,0.0017862584814879,0.00489062895026772,0.564564564564565
"199",0,0.00879080307015974,0.020375608215894,0.0199940671451766,0.200803212851406
"200",0,0.0141019768580681,0.00786202483907432,0.000764883707231297,0.178068410462777
"201",0,0.0197845577572508,0.00160118131258495,0.000333311112249172,0.167839195979899
"202",0,0.00864229231268117,0.00532918714806003,0.0141245495014505,0.389558232931727
"203",0,0.0134099508983874,2.35239222202019e-06,0.00430402259712301,0.664652567975831
"204",0,0.00775952258343722,0.0124000516820868,0.00643374175316885,0.332663316582915
"205",0,0.0113415133736131,0.00216109661583305,0.00648585415108108,0.657575757575758
"206",0,0.0385411325941958,0.0058995800555681,0.000314479350780716,0.534603811434303
"207",0,0.0017087954645982,0.00265648449060389,0.0145494162650481,0.873239436619718
"208",0,0.00303300335427102,0.00329451691569136,0.0307421203452217,0.462925851703407
"209",0,0.00564294554852453,0.00644426879162185,0.109199715867845,0.11122244488978
"210",0,0.00206944394292153,0.0194196409026433,0.0387769355942729,0.375751503006012
"211",0,0.0068136931204932,0.0606949037169167,0.00849497033277188,0.085513078470825
"212",0,0.0105559153683714,0.0623155332352892,0.0567286561972546,0.259036144578313
"213",0,0.0030244759500687,0.00856184023365502,0.0152477712932848,0.607035175879397
"214",0,0.0138090125169667,0.00235048456126355,0.00276969736581018,0.304522613065327
"215",0,0.00465053820560671,0.0104053103201305,0.00261329129461225,0.0391566265060241
"216",0,0.00485666005693016,0.000112440449770697,0.0839863657951536,0.594784353059178
"217",0,0.0108432816727575,0.0224467219506661,0.00361250695348856,0.656656656656657
"218",0,0.0256221838698916,0.00593937924991296,0.00311032647012742,0.751758793969849
"219",0,0.00508985595399962,0.00652332484324917,0.0137288648705122,0.200601805416249
"220",0,0.0152043088672808,0.00595912457935622,0.016362319383767,0.0491967871485944
"221",0,0.0605098396905776,0.00669114615595999,0.0164616371407562,0.700201207243461
"222",0,0.00439156561051395,0.00238014765769029,0.0213607230350548,0.125126135216953
"223",0,0.0095612410381977,0.0430919792433033,0.00186040233683907,0.128256513026052
"224",0,0.0114826993298133,0.0300303451095051,0.00529335816581682,0.412650602409639
"225",0,0.0148799664695164,0.0153537544988932,0.036538051517822,0.182092555331992
"226",0,0.0116722028711472,0.0131085162903381,0.00728967215371166,0.472837022132797
"227",0,0.00522728745372879,0.00691518716213339,0.00391696129590713,0.254783484390735
"228",0,0.00514685511952344,0.00039406874788922,0.0107261321839772,0.613841524573721
"229",0,0.00824758868340623,0.08944904313651,0.00745456080328984,0.398398398398398
"230",0,0.0102077327861118,0.00197505635241169,0.00651078378333639,0.436308926780341
"231",0,0.0109340784819894,0.0204179764758652,0.0402468941697449,0.675
"232",0,0.00581725413645515,0.0409753089274379,0.00322992669777523,0.577039274924471
"233",0,0.00944017314321425,0.00960444457227562,0.0742325086578831,0.860160965794769
"234",0,0.0108364140418215,0.000853747646692962,0.00298521792960081,0.150201612903226
"235",0,0.00755025719027279,0.00100849461408999,0.0155088889335328,0.724623115577889
"236",0,0.00456903888619492,0.0308224297762054,0.00460033014906991,0.38716148445336
"237",0,0.032898392802544,0.00342043757353038,0.00348219171972366,0.0491474423269809
"238",0,0.00401065765754384,0.00881705699030628,0.0097826280637149,0.57
"239",0,0.0206849316095088,0.018321940007848,0.00318872145231543,0.149598393574297
"240",0,0.0339643718568508,0.00546528678724266,0.00710787353913726,0.0312185297079557
"241",0,0.0123065313941763,0.031996974461974,0.00627581855829108,0.0843373493975904
"242",0,0.0521670507052589,0.00547722909326803,0.00165575474544591,0.0463709677419355
"243",0,0.0126643190251787,0.0134080884899056,0.0116886371491203,0.0551654964894684
"244",0,0.0109234735418432,0.0172282607786924,0.0135567093569995,0.230150753768844
"245",0,0.00958530765357872,0.00261816610517356,0.0128639758359926,0.92184368737475
"246",0,0.00425757768723933,0.0131126809811219,0.0132571269419546,0.109768378650554
"247",0,0.00687854209393774,0.0346119737602438,0.00749255102535912,0.0381526104417671
"248",0,0.0363001178556076,0.00159001715082342,0.0025942110305436,0.327967806841046
"249",0,0.00951856296600746,0.0148062051247684,0.00237006804861358,0.0391173520561685
"250",0,0.00402398263773303,0.00386956423704049,0.00292999369021302,0.566566566566567
"251",0,0.00235432690772801,0.000894469485484169,0.0448545955529404,0.398390342052314
"252",0,0.0101756809623982,0.00255372988751542,0.00350456376786637,0.804
"253",0,0.00195656114967137,0.00394859594158669,0.00224383148261327,0.738214643931795
"254",0,0.098181755751974,0.00122512122860206,0.00842539036020509,0.203203203203203
"255",0,0.00813153710539747,0.00613427641619315,0.00464629924340646,0.731658291457286
"256",0,0.00150407581873441,0.00492982417167509,0.0158486656917125,0.927855711422846
"257",0,0.00365558299417894,0.0235399348647963,0.00446019997819549,0.201207243460765
"258",0,0.012462371131507,0.00274324414664271,0.0060672602454099,0.750753768844221
"259",0,0.00229737742296184,0.0125503215040784,0.0165067005922931,0.366465863453815
"260",0,0.0124030403759646,0.0661239179796916,0.0161988544197221,0.521651560926485
"261",0,0.0115938714793623,0.00954711051981307,0.00281560224857377,0.203423967774421
"262",0,0.00790051060668172,0.00641773499871424,0.00493368032307728,0.263527054108216
"263",0,0.00887172227366709,0.0404307844103041,0.000619221816567264,0.221105527638191
"264",0,0.0119047528513882,0.00893819717688525,0.000129398898429783,0.070281124497992
"265",0,0.00477943584224053,0.00364451425634197,0.00413602890249344,0.133668341708543
"266",0,0.00203788146588035,0.00606129106190343,0.0134567248293051,0.105633802816901
"267",0,0.0120946782654028,0.00280650125789754,0.00208876745971103,0.558912386706949
"268",0,0.00671110121774362,0.0190191664928117,0.0029680112216749,0.595573440643863
"269",0,0.00216130036736385,0.046216547082979,0.0288438447960975,0.284854563691073
"270",0,0.016635700829555,0.00509472416906736,0.101412889967309,0.165165165165165
"271",0,0.0114041353818113,0.0383159068196184,0.0218726247313747,0.506559031281534
"272",0,0.0433328898189868,0.002588626290293,0.0202526729311144,0.201005025125628
"273",0,0.00840415711347986,0.00991206536644586,0.0321659075067518,0.350753768844221
"274",0,0.0161155971379357,0.00247355288368099,0.00630196528187466,0.555778894472362
"275",0,0.00449480996416694,0.013993748872745,0.0105535720325886,0.170511534603811
"276",0,0.0106465835322386,0.00710167904678453,0.00541618366754376,0.783350050150451
"277",0,0.0059797628534224,0.00699977180513477,0.143990160509987,0.265060240963855
"278",0,0.00629258758793477,0.0227916876076208,0.00631970663387338,0.690697674418605
"279",0,0.00805931509105569,0.00362454760891562,0.00848733334128456,0.462925851703407
"280",0,0.0115515412752201,0.00447588668785727,0.00800245830515327,0.0561685055165497
"281",0,0.00715886594132563,0.00474596240675207,0.000802541001312405,0.587939698492462
"282",0,0.0235639021908974,0.00412848344506068,0.00532543266420456,0.109327983951856
"283",0,0.0111049864103153,0.00788893947823137,0.000309982226814326,0.746238716148445
"284",0,0.0918357438238894,0.00203393271359562,0.0344893022376896,0.64964964964965
"285",0,0.0229876652244753,0.0281015105379299,0.00658574913353533,0.0522613065326633
"286",0,0.00235784766304668,0.0199601420628803,0.246201331524189,0.0531594784353059
"287",0,0.0069057892771215,0.0390486910713466,0.0698748475186139,0.62713567839196
"288",0,0.0284213301873356,0.00098158312443208,0.00328866441326113,0.520120724346076
"289",0,0.010075594593709,0.0111282764432373,0.0130826554266112,0.414658634538153
"290",0,0.00891432348905505,0.00124811641324149,0.00680552500238132,0.387713997985901
"291",0,0.00686468051890635,0.0543868090753853,0.000503795960613729,0.217085427135678
"292",0,0.00383277289485709,0.00300167516718221,0.000775962759901213,0.318956870611836
"293",0,0.0235979217324456,0.00575728381590504,0.00592735270868835,0.582914572864322
"294",0,0.0193027307337051,0.0236726151634578,0.00695915482224968,0.465326633165829
"295",0,0.0033115248668762,0.00227965066701841,0.000130913345383262,0.392570281124498
"296",0,0.0107416678985446,0.00377110057490506,0.0114106034355808,0.806030150753769
"297",0,0.0178218945092156,0.0014174483917409,0.0186600380552917,0.381
"298",0,0.00250989528392668,0.00842305637274315,0.0170293838095209,0.072289156626506
"299",0,0.0101343626878322,0.0078069519199252,0.066614958875207,0.0462311557788945
"300",0,0.012620987239249,0.00474876655280454,0.0107735442915119,0.291875626880642
"301",0,0.0561250168556578,0.0133874196591404,0.00423434201361426,0.0880880880880881
"302",0,0.00371209923864652,0.00453805928851024,0.0298225194713444,0.183183183183183
"303",0,0.00334537441668613,0.0422708336908302,0.0104624392329015,0.468812877263582
"304",0,0.138527901249463,0.0493892394821161,0.00362039728210519,0.181544633901705
"305",0,0.029130266610367,0.00295989829217038,0.0821202478442397,0.469879518072289
"306",0,0.00497174866881927,0.00467682126644225,0.0476262328590655,0.542627883650953
"307",0,0.0492488346005266,0.0032768977629889,0.0420642506217723,0.432459677419355
"308",0,0.00577074274785447,0.00104280116974213,0.0133800231807259,0.415492957746479
"309",0,0.0233744562835691,0.0641133074926846,0.020942977284655,0.0975855130784708
"310",0,0.0301450645766776,0.00473833059148305,0.0175494157937301,0.234406438631791
"311",0,0.00756172330778505,0.0394179830763341,0.000600723060797016,0.201807228915663
"312",0,0.0338351683913577,0.00209596160481616,0.0155515006571684,0.46285140562249
"313",0,0.00381804820091789,0.00548278324245002,0.00450820144969562,0.134207870837538
"314",0,0.0200288833157334,0.01965417450002,0.00209310279005258,0.157472417251755
"315",0,0.00478913508769244,0.00336783983761789,0.0159756103772653,0.431155778894472
"316",0,0.0178934371030776,0.0163640669955045,0.0165048928934188,0.734468937875752
"317",0,0.00730476688630031,0.00327605151610041,0.00318525759617215,0.390562248995984
"318",0,0.0040227698046633,0.000581300538986027,0.014152107102167,0.131394182547643
"319",0,0.00648048405652534,0.0218179956000337,0.0158220303721793,0.0775427995971803
"320",0,0.0400319117084558,0.0439268428372502,0.00499774849633638,0.0461384152457372
"321",0,0.0111125354934805,0.00525434812387749,0.0246920676013866,0.716297786720322
"322",0,0.00773159115722391,0.00582950602754926,0.00949770025947229,0.0724346076458753
"323",0,0.0189742480689473,0.0130192215822814,0.00124596232092681,0.233635448136959
"324",0,0.00413119066398678,0.00223412713147176,0.000354863407556276,0.188318227593152
"325",0,0.0124485485642037,0.0633953301477653,0.00401145238175751,0.23030303030303
"326",0,0.00342694030060742,0.00187818786510566,0.000381705201212244,0.88643216080402
"327",0,0.00578736914836427,0.00823235536434938,0.00795571828117851,0.890562248995984
"328",0,0.00325842863532009,0.0031646187656948,0.000620244802883045,0.0933734939759036
"329",0,0.00296289865106507,1.15085342630377e-07,0.0288263352622126,0.190140845070423
"330",0,0.0037227994742244,0.00216778602181922,0.000571258013518342,0.729187562688064
"331",0,0.00574293863914531,0.010195290776238,0.00409714932941017,0.156626506024096
"332",0,0.00645873641982608,0.00680167965607618,0.00553109555277805,0.375251509054326
"333",0,0.0666518949942189,0.00777180838041671,0.0291107133200694,0.644221105527638
"334",0,0.0107856532000132,0.124746828700407,0.000527054043660632,0.335341365461847
"335",0,0.00219369127257649,0.000858318065652689,0.0410585035777463,0.0702106318956871
"336",0,0.0783407171817038,0.00201624587407406,0.00330235696728674,0.404809619238477
"337",0,0.0562235958611658,0.00626250171813297,0.0108000429817492,0.348743718592965
"338",0,0.00499408276848785,0.0123231566887681,0.0213581461386812,0.443887775551102
"339",0,0.0123648049201813,0.00832880508592488,0.015725670272935,0.0532128514056225
"340",0,0.00229649182763856,0.03476904288421,0.00557212802691384,0.0473313192346425
"341",0,0.00831761256778392,0.0176078556836276,0.0102202665367435,0.760364004044489
"342",0,0.00901263924585872,0.0146396851800741,0.00756518358055596,0.221442885771543
"343",0,0.0133772526033595,0.216019868829057,0.0170380739349763,0.56425702811245
"344",0,0.0108510922084882,0.00659540956284861,0.0480500576877649,0.95281124497992
"345",0,0.0306793757355544,0.00333006266095819,0.03649446009752,0.190380761523046
"346",0,0.0110091040418434,0.0145428767233431,0.0135986317508577,0.412236710130391
"347",0,0.016263140961268,0.0015835538945141,0.00161461130945034,0.242454728370221
"348",0,0.00230878228472608,0.406096215141759,0.000353187878065213,0.036144578313253
"349",0,0.00480358064808225,0.0189320086014297,0.0020406020748625,0.815261044176707
"350",0,0.00814478794333933,0.031579843457561,0.0290422600981977,0.0852557673019057
"351",0,0.010915014296427,0.00684682005335358,0.000636382225549797,0.672672672672673
"352",0,0.0206703207319537,0.00505162951741868,0.0229519803719494,0.0902708124373119
"353",0,0.0443761293298352,0.00767636980752327,0.000813362517713821,0.856425702811245
"354",0,0.0109429815103415,0.0273113907427488,0.0160486789178887,0.0472361809045226
"355",0,0.0129169929459696,0.0662524257261674,0.00264991111456875,0.781563126252505
"356",0,0.00614374855570818,0.00177335976748636,0.00284194315420361,0.0533199195171026
"357",0,0.0024853040782179,0.0118017850020114,0.0400530705248008,0.197989949748744
"358",0,0.00445431318592519,0.00649968151785024,0.000757422113353614,0.414070351758794
"359",0,0.010834648121436,0.0430688095598507,0.00804966155775507,0.476429287863591
"360",0,0.026165705074349,0.00290053403687755,0.0422483543203057,0.0683417085427136
"361",0,0.00653999138091369,2.22044604925031e-16,0.0101233541181384,0.166666666666667
"362",0,0.005874768382596,0.0097769109154966,0.021955271404581,0.142284569138277
"363",0,0.043363223340755,0.0493899990259612,0.00265240008416916,0.673019057171515
"364",0,0.00734574201497366,0.00361129056825752,0.00448562381198086,0.0441767068273092
"365",0,0.0113636507959209,0.120404467280843,0.0157958373990258,0.407035175879397
"366",0,0.00331105731307371,0.0511524603715737,0.000843073471487311,0.230535894843276
"367",0,0.00647439130393443,2.22044604925031e-16,0.0111253287955757,0.749496981891348
"368",0,0.0670230061563618,0.0502452383514879,0.136123366370687,0.165165165165165
"369",0,0.00963000114833823,0.00569160485980097,0.00145422672822349,0.359437751004016
"370",0,0.0134268931751979,0.00780695186237629,0.0139612532458454,0.0742971887550201
"371",0,0.0183827129085178,0.00398618660847573,0.0242249370289393,0.565829145728643
"372",0,0.0968726854432679,0.0271081223622667,0.000497398004326569,0.384072580645161
"373",0,0.00630975195165341,0.00551707143182335,0.0601300358364347,0.0600600600600601
"374",0,0.00423072670902743,0.0340792280893157,0.00411678634725772,0.232698094282849
"375",0,0.0760174477045418,0.0117216304755591,0.0147370625783978,0.847874720357942
"376",0,0.00868858406806296,0.00673342202425431,0.0006627117687831,0.138832997987928
"377",1,0.0362869828790599,0.00949619369355071,0.00307356135198218,0.6797583081571
"378",0,0.00886200974092893,0.000498104390933556,0.00248399470308448,0.232698094282849
"379",0,0.0076726722132782,0.00858186809886931,0.0314053293798218,0.831822759315206
"380",0,0.022433155004431,0.00103827898603225,0.00712517727172776,0.188376753507014
"381",0,0.00385601949270381,0.059070686062735,0.0379639867038245,0.380140421263791
"382",0,0.0124029313276473,0.0379989144018187,0.0367196925003494,0.669014084507042
"383",0,0.00581369855740465,0.0165707667762347,0.00179299907687967,0.415245737211635
"384",0,0.00266837905673807,0.00566654453166782,0.11183379496296,0.127638190954774
"385",0,0.0145708803606103,0.00958559653331355,0.00063520691705289,0.121730382293763
"386",1,0.00703216534750498,0.0055149381704998,0.000514807309430881,0.349094567404427
"387",0,0.0435019775619894,0.00550750117455462,0.000717552391506021,0.161322645290581
"388",0,0.00442928766483935,0.000291337110940436,0.0221931733084461,0.0430861723446894
"389",0,0.00975723164995463,4.13665535509486e-06,0.00932031511657569,0.215430861723447
"390",0,0.0123566776114293,0.0100148949050047,0.0195783781741538,0.325301204819277
"391",0,0.0114645698961755,0.0333216701253393,0.0511781646753323,0.135
"392",0,0.0140150686848661,0.00182301714841841,0.000536732321618248,0.474899598393574
"393",0,0.00939319249041125,0.00495021813295697,0.0112512249050333,0.113017154389506
"394",0,0.00768022985949042,0.0594595697044673,0.0227223204034081,0.304128902316213
"395",0,0.100141504323875,0.00454351582182603,0.00170105882528496,0.298896690070211
"396",0,0.0066243446788184,0.00491428475688634,0.031958919561048,0.647294589178357
"397",0,0.00624173777890357,0.004324356807547,0.00248899460859023,0.145290581162325
"398",0,0.00608934285262186,0.00363474512407094,0.00493671975924561,0.288866599799398
"399",0,0.00822741039668407,0.0521896774490189,0.000946302929741838,0.0381526104417671
"400",0,0.00802569507878334,0.00698781066129655,0.00706189535409947,0.0983935742971888
"401",0,0.004531215033696,0.0110191484600386,0.00763185945209761,0.572289156626506
"402",0,0.00500609722662638,0.0765047263552293,0.00755520343332048,0.0362537764350453
"403",0,0.00388731157104737,0.0117339723968516,0.00634719068383544,0.877632898696088
"404",0,0.00390343008242961,0.00234745470484306,0.00380064152858176,0.0671342685370741
"405",0,0.00691626057519895,0.0214849553259309,0.00041983120342117,0.468341708542714
"406",0,0.00777769258795759,0.00161807181528139,0.000398312725635941,0.705527638190955
"407",0,0.00961185436240524,0.00405989394757021,0.0258550578536999,0.54864593781344
"408",0,0.0112078486588072,0.0101192344460325,0.000395673624024699,0.649298597194389
"409",0,0.0689340187563337,0.0174210695597774,0.00466064807060315,0.239195979899497
"410",0,0.0249746330413615,0.0346644027247358,0.0023319896241007,0.17102615694165
"411",0,0.0438883678115134,0.00355353328587688,0.0140816022873394,0.170362903225806
"412",0,0.00964266877072595,0.0156027418977399,0.00196978906074823,0.0280842527582748
"413",0,0.00489998926014937,0.000895540217825198,0.02155562716342,0.164164164164164
"414",0,0.00458204664608646,0.00201759100273479,0.0157295576149687,0.19438877755511
"415",0,0.0172195053965297,3.38371859734605e-13,0.00365484407631699,0.77710843373494
"416",0,0.00221083548039387,0.00642244913890872,0.0111492397234596,0.470411233701103
"417",0,0.00413623738498077,2.05436278121537e-05,0.00468755596107149,0.680080482897384
"418",0,0.0734816055831978,0.02330701196419,0.00937680666805281,0.565829145728643
"419",0,0.0141314745311399,0.00484806330550146,0.0774669980204069,0.206827309236948
"420",0,0.00500075703708064,0.00539318797354799,0.0101455323814261,0.329979879275654
"421",0,0.00581793023019465,0.0453384727560477,0.00562932811729428,0.559679037111334
"422",0,0.00593456704283759,2.22044604925031e-16,0.00297538771868243,0.129778672032193
"423",0,0.0139956801989146,0.0839953654113756,0.000480833701948999,0.74749498997996
"424",0,0.00872672802464316,0.00201405769696684,0.0162781466205613,0.566265060240964
"425",0,0.021640869632149,0.0125810576429515,0.0324836029568628,0.0522088353413655
"426",0,0.00807469968628532,0.0127811025413888,0.0675978452624853,0.482447342026078
"427",0,0.00690811644719598,0.0344793308909007,0.00207834326386718,0.230614300100705
"428",0,0.0101427507979591,0.00538024591346831,0.00102725524816937,0.515060240963855
"429",0,0.00663598055582087,0.00199752147809385,0.022641924662289,0.106318956870612
"430",0,0.010942695756997,0.00243216433350131,0.00911310296485789,0.550200803212851
"431",0,0.0119686294711589,0.0435173444457798,0.0693353502493513,0.458917835671343
"432",0,0.00470067172627839,0.0185687226054917,0.000580326955494495,0.18574297188755
"433",0,0.00659766245772449,0.00451063001937781,0.0280512245624957,0.460301507537688
"434",0,0.00547542212136292,0.0192090772584686,0.00725448412482408,0.787575150300601
"435",0,0.0418086848405303,0.0537391463658944,0.00188821136688887,0.280842527582748
"436",0,0.00935995138468815,0.00896132898837378,0.00656518397242401,0.373239436619718
"437",0,0.0156035969796699,0.0021866422279692,0.00349105638973987,0.637550200803213
"438",0,0.0184364628195013,0.0192864906429762,0.00721731757567144,0.318273092369478
"439",0,0.011485822394134,0.00815698419980293,0.00381988700491485,0.382382382382382
"440",0,0.0319808351339249,0.00770260116510841,0.00310964646473879,0.0724346076458753
"441",0,0.00150037989751936,0.00907164024562538,0.000625330102769887,0.778557114228457
"442",0,0.00699721797300195,0.0334250485610457,0.00706851976349592,0.0361809045226131
"443",0,0.00267711645902176,0.00223328235608322,0.0151471589774147,0.899598393574297
"444",0,0.00381375925884633,0.00439528270946645,0.00808441637999453,0.234406438631791
"445",0,0.00697169550656735,0.00773572003572405,0.0051726808088522,0.114343029087262
"446",0,0.0122488589818237,0.0149712763151638,0.042199088378434,0.2374749498998
"447",0,0.0110325951142478,0.00448993334032898,0.00286330102513878,0.800200803212851
"448",0,0.00522213620615094,0.00337914333260524,0.000433064015835142,0.726907630522088
"449",0,0.0069771250598055,0.00697103369153491,0.0379404628257898,0.785929648241206
"450",0,0.0104294305023655,0.0778926908954331,0.00697288667536379,0.0962888665997994
"451",0,0.00368350041096939,0.00348197994811001,0.0173882829881449,0.681407035175879
"452",0,0.00453211037666548,0.0469123214839868,0.00882679859501912,0.0481444332998997
"453",0,0.011942044945101,0.0302199179028598,0.00109754245614745,0.0755287009063444
"454",0,0.0101994474843686,0.00739116997552917,0.00341489663817858,0.78234704112337
"455",0,0.0089634785559272,0.00646823003660791,0.000676329700053912,0.37361530715005
"456",0,0.00517365814774087,0.0456542165309744,0.00633249567108161,0.0620620620620621
"457",0,0.00673576366820578,0.0252580771417645,0.0053587327570747,0.125
"458",0,0.0214631463439741,0.0216522974308744,0.0140981420522837,0.558350100603622
"459",0,0.00486286638738406,0.00330434812439509,0.00337338844964426,0.276659959758551
"460",0,0.00572989174165644,0.00603894596214006,0.000549293100315923,0.447342026078235
"461",0,0.0197769840330794,2.22044604925031e-16,0.0403659562649679,0.880530973451327
"462",0,0.00518682650838106,0.00347146947403349,0.000878350830162431,0.0792377131394183
"463",0,0.00490468333396239,0.0152109367422388,0.000456698124316907,0.811681772406848
"464",0,0.00565650052623399,0.0317878719597968,0.00299016215364347,0.0481927710843374
"465",0,0.00721192758966606,0.0173779200388653,0.00866154524608669,0.969879518072289
"466",0,0.0116270679863172,0.0130832482142856,0.003784794444526,0.578313253012048
"467",0,0.00352562351422793,0.0464656061061205,0.000922655792467454,0.660642570281124
"468",0,0.00731797938289215,0.0256814363975707,0.0234923003807109,0.0935613682092555
"469",0,0.00725022699227942,0.0062485379195423,0.0234772149978839,0.908542713567839
"470",0,0.00558473938426046,0.00190314018915395,0.00195920084539222,0.675376884422111
"471",0,0.00407247660589094,0.00449327621191697,0.00328157553760243,0.739224137931034
"472",0,0.00458957767729369,0.0111113995717618,0.00587964543855857,0.351460221550856
"473",0,0.0130158872378448,0.0050190977688346,0.00902656007923884,0.067
"474",1,0.00376504031255853,0.0542652816381072,0.00434333014115336,0.691382765531062
"475",0,0.00634907746905641,0.0138444172817144,0.00306195678769365,0.122367101303912
"476",0,0.0262135957356598,8.34794122090324e-06,0.0199823918715405,0.227364185110664
"477",0,0.00743015737823109,0.00372925090216551,0.00442689690553667,0.468875502008032
"478",0,0.00982800670154312,0.0300270707294333,0.0074149659921691,0.147738693467337
"479",0,0.00604443058944822,0.00350176952571831,0.00188013461496358,0.670010030090271
"480",0,0.00239557532914713,0.0160645788898109,0.00353715668980816,0.504008016032064
"481",0,0.0109457609841337,0.00436895414271991,0.0148757192771543,0.105633802816901
"482",0,0.00683388376031497,0.00195692981735577,0.000358998096035729,0.212273641851107
"483",0,0.0109493089489321,0.0104724230813819,0.00802029566552697,0.0753012048192771
"484",0,0.0197685856887145,0.00194975115386573,0.00222216497531708,0.107645875251509
"485",0,0.00783470017126988,0.0208597342768447,0.0139092957175413,0.481369587109768
"486",0,0.00527949479414413,0.0165306758376482,0.0468915586784117,0.169525731584258
"487",0,0.0616912331182032,0.0557948990837148,0.0100199072534169,0.148743718592965
"488",0,0.00241197265364675,0.00742081800666766,0.0122403544377654,0.682046138415246
"489",0,0.00976953669154744,0.0149605390440263,0.000362952845030967,0.357071213640923
"490",0,0.00334683460464469,0.00285740170867424,0.000664703903169302,0.122244488977956
"491",0,0.0145542713810957,0.00604383335322373,0.00522482015240687,0.10251256281407
"492",0,0.0092705109770281,0.00179222582630763,0.0168149358574321,0.604417670682731
"493",0,0.0146596131372332,0.185249967914211,0.0145940182600467,0.222222222222222
"494",0,0.00558539659366518,0.00228007932954245,0.0790071641435475,0.0955734406438632
"495",0,0.00459112077269769,0.113979801762537,0.0131250931076808,0.19358074222668
"496",1,0.00415362384204386,0.00556662833529311,0.00335675655295686,0.338677354709419
"497",0,0.0163965477335442,0.015841005437297,0.00040817992565163,0.856136820925553
"498",0,0.00709825924848027,0.0306426739178922,0.00328008285891946,0.202404809619238
"499",0,0.0031117002571135,0.00475693150137642,0.0110093757701562,0.113682092555332
"500",0,0.00622101264021054,0.0747685920173695,0.0408709828341264,0.234406438631791
"501",0,0.00709881368083395,0.00979783354342512,0.000419884479957754,0.198595787362086
"502",0,0.08782559188339,0.011366784719669,0.000527049205295841,0.900502512562814
"503",0,0.0138709129470165,0.00100021263498459,0.0208353708398471,0.336683417085427
"504",0,0.00433654156075999,0.0121033745848114,0.00466160948528149,0.367469879518072
"505",0,0.00301236649564563,0.00306271756871028,0.0182917912703709,0.0814889336016097
"506",0,0.003996264597972,0.0286522153961752,0.00160199516722206,0.331995987963892
"507",0,0.00417366029731774,0.0164877690476581,0.00802746451365414,0.155466399197593
"508",0,0.0127466823939923,0.00693419751710061,0.00430319324135676,0.577733199598796
"509",0,0.0254854158254118,0.003792768370036,0.0543710720162507,0.735146022155086
"510",0,0.00457736537590055,0.0434162177187697,0.117774170993622,0.326961770623742
"511",0,0.00569109315324442,0.00241788694902069,0.031062659849479,0.331995987963892
"512",0,0.00201158262653858,0.00531283315364238,0.0756298708725846,0.139278557114228
"513",0,0.0361219867789599,0.00447119154894859,0.000153470547409801,0.263527054108216
"514",0,0.0102200222776862,0.0103939304945603,0.0318830510133197,0.266599597585513
"515",0,0.0397421073077512,0.0166741703279765,0.00264948083406465,0.134403209628887
"516",0,0.00353913589027826,0.0328255403186604,0.000840225546351781,0.553212851405622
"517",0,0.00688967726902307,0.00902745244891809,0.0834358574418632,0.917917917917918
"518",0,0.00481500065457405,0.0490745984306611,0.0102904463689679,0.301603206412826
"519",0,0.00317973821266737,0.0033360157547554,0.0276531016691014,0.228
"520",0,0.00682322200728918,0.0227355435021836,0.000319274457642068,0.691842900302115
"521",0,0.00493528747329767,0.00233541475201783,0.00444458672919646,0.063
"522",0,0.00410491591434936,0.00088326575606924,0.00527202778286181,0.727454909819639
"523",0,0.0135610841044791,0.0124660603792453,0.0231910682591822,0.914486921529175
"524",0,0.00414206858874622,0.0145514030605891,0.00728970199182242,0.357142857142857
"525",0,0.0176420992288841,0.0392319580858988,0.0102923959591862,0.682730923694779
"526",0,0.076398024040912,0.0273773866800809,0.0067819462364079,0.693158953722334
"527",0,0.0311097233885942,0.0198045876167301,0.010509468068095,0.349047141424273
"528",0,0.0340510277585074,0.00845921758374597,0.000311952785987841,0.42685370741483
"529",0,0.00353079288374637,0.0201995316485958,0.0163404713185217,0.71971971971972
"530",0,0.0537345221438575,2.22044604925031e-16,0.0235412024906802,0.312877263581489
"531",0,0.0831195511924011,0.00236267246426756,0.011328388363686,0.274371859296482
"532",0,0.013793162484187,0.0314956304085575,0.015183406090152,0.414658634538153
"533",0,0.00363682500174461,0.00254472022667931,0.0386291584404781,0.0221327967806841
"534",0,0.00916037224895037,0.0309777080092355,0.0496194996165655,0.0533199195171026
"535",0,0.0121344106859016,0.0420457770506457,0.0055687251467081,0.812060301507538
"536",0,0.00377145213644894,0.0221037935112754,0.0146006534388858,0.897693079237713
"537",0,0.0165122359202699,0.0115549826876332,0.00259955740489786,0.801603206412826
"538",0,0.0178812865262558,0.00185112402105308,0.000364440399319175,0.589949748743719
"539",0,0.00682668959350486,0.00784304430077527,0.00621665475377394,0.275100401606426
"540",0,0.0333038288865686,0.00241652323151771,0.0053780690540529,0.419095477386935
"541",0,0.00261026801155066,0.00970182375425724,0.0095772838669855,0.0772316950852558
"542",0,0.00437884082464266,0.0131928599174284,0.0512150268469826,0.294884653961886
"543",0,0.0311190184504345,0.0027518482818277,0.0135927492380206,0.0652610441767068
"544",0,0.0041643665360314,0.00375312232767909,0.00472707303215463,0.133937562940584
"545",0,0.01731910267701,0.0369893120291316,0.00604636525068333,0.0901803607214429
"546",0,0.00234613838071053,0.000571830063145499,0.000630520398286106,0.447342026078235
"547",0,0.0356089103832435,0.00373180681644349,0.0283728268575208,0.240684793554884
"548",0,0.0293722172941198,0.00763721886922689,0.0311944315127053,0.0801603206412826
"549",0,0.0174302626535019,0.00504674324905336,0.00421299597805366,0.230460921843687
"550",0,0.0104591379649524,0.0091208086177852,0.00037503548547968,0.337337337337337
"551",0,0.00527818557100842,0.0102621410926256,0.00658451212888816,0.494979919678715
"552",0,0.0203865203754795,0.00635602961416998,0.000355788521895096,0.877263581488934
"553",0,0.0396154174215091,0.00331087973167956,0.0181747134336002,0.336336336336336
"554",0,0.011446332897303,0.0622242843348645,0.00355364919062107,0.648893360160966
"555",0,0.0103630848945102,0.00138945539171772,0.0218729358004373,0.349047141424273
"556",0,0.0112189821005607,0.00331569702373158,0.0205170922360955,0.0763819095477387
"557",0,0.073725015508674,0.00522775570210861,0.00975256885726286,0.152304609218437
"558",0,0.00489429940845425,0.00888830062835241,0.0130608391975797,0.771313941825476
"559",0,0.0173705842109874,0.00316234677555898,0.00299261942043719,0.238238238238238
"560",0,0.0266519397907313,0.0627293480000222,0.011573970889425,0.0532128514056225
"561",0,0.0400813681963084,0.00288344722515609,0.00177362360780198,0.878269617706237
"562",0,0.00534620985496087,0.0080639911469432,0.0199798677977453,0.631155778894472
"563",0,0.00897789245482418,0.00290589175271989,0.0150906519171995,0.0422110552763819
"564",0,0.00597540978803743,0.00289073265863703,0.0140118995595651,0.221664994984955
"565",0,0.00935307477989362,0.0698516943075323,0.0154977248855497,0.045135406218656
"566",0,0.0081510807644692,0.146600977013647,0.0126493291045539,0.160804020100503
"567",0,0.0104886334454038,0.00192677412334452,0.0202659687637733,0.262048192771084
"568",0,0.00995537044668921,0.052936203446364,0.0550943331857626,0.754262788365095
"569",0,0.00662703825129682,0.0100979285618397,0.0220207124587095,0.0883534136546185
"570",0,0.00165769431583984,0.00132044010094076,0.00785692992510885,0.0703517587939698
"571",0,0.00932559805968319,0.000217181479044027,0.00172800047892759,0.0797174571140262
"572",0,0.0188752309832496,0.00583095619310458,0.012566622786744,0.520603015075377
"573",0,0.0587638904366122,0.0606054065603475,0.000710248390420131,0.367573011077543
"574",0,0.00151790524069532,0.011011583067651,0.0549295627436895,0.302208835341365
"575",0,0.0522748674217048,0.0396930966316873,0.00372014364423501,0.748496993987976
"576",0,0.095131097509232,0.0796999990245711,0.00425022927772942,0.590954773869347
"577",0,0.0033763618523861,0.0110836318993345,0.0477065491392406,0.433165829145729
"578",0,0.0253729172466937,0.00877946357869301,0.0133256177505831,0.632530120481928
"579",0,0.0396301273340928,0.00175944478977864,0.000671795704591754,0.027027027027027
"580",0,0.0064785446114124,0.0749918555288308,0.00308956985668812,0.317317317317317
"581",0,0.00835781994993498,0.0103322978211024,0.000986196756739141,0.366098294884654
"582",0,0.00149976265277235,0.00979859352877998,0.0133260341338976,0.249496981891348
"583",0,0.048580067825652,0.063388317972343,0.0163060106968736,0.269076305220884
"584",0,0.00294755052031709,0.00303048624923017,0.00313243799386632,0.203406813627255
"585",0,0.014180269368177,0.0123516496788271,0.0370262260988843,0.48036253776435
"586",0,0.00697262685914283,0.00219523295259889,0.0144608460532337,0.658291457286432
"587",0,0.0101178381057728,0.0094375500914757,0.000804621220153485,0.899497487437186
"588",0,0.0144912845827122,0.00264333863821998,0.00498493234697199,0.235470941883768
"589",0,0.0420302514877156,0.0165297580724868,0.00427477758932542,0.460843373493976
"590",0,0.0397246177697329,0.039488979431249,0.000392973785584279,0.317317317317317
"591",0,0.00632804560235333,0.00249449801963223,0.0619229892676152,0.3687374749499
"592",0,0.00187287522348176,0.0202370267266342,0.0121888344153553,0.65959595959596
"593",0,0.00591324914873174,0.0174143444174613,0.0477246918712034,0.051307847082495
"594",0,0.00675250422847449,0.00236533095521259,0.0239355254924851,0.778449144008056
"595",0,0.0126672074777781,0.00523039968014258,0.0282502762843653,0.833333333333333
"596",0,0.00596982640236315,0.00390298829110762,0.0123517232169967,0.249496981891348
"597",0,0.00410167635149672,0.00524702311747149,0.0119184081574765,0.926559356136821
"598",0,0.00632665851402433,0.00617928867998543,0.0288033880122391,0.526156941649899
"599",0,0.00793750009699593,0.0220624021885481,0.00372739556343542,0.387550200803213
"600",0,0.00490938469505075,0.00166203525308279,0.0140490271079493,0.36317907444668
"601",0,0.00611194801844586,0.00879068587721746,0.015397066706345,0.0692771084337349
"602",0,0.0227350662395459,0.0532168335291862,0.024373315853822,0.817269076305221
"603",0,0.0102990663350429,0.0114946502188053,0.0132636912539085,0.36969696969697
"604",0,0.00449005531630289,3.38416034782886e-12,0.0182817664387434,0.0321931589537223
"605",0,0.00386891521747035,0.0152869404095705,0.00044453389943504,0.289447236180905
"606",0,0.0864428732795576,0.00880573472495531,0.00612284255106887,0.3158953722334
"607",0,0.00482802640647955,0.00251826701324528,0.00886427835168753,0.705527638190955
"608",0,0.00980734286858381,0.00314472299045964,0.0314155174588774,0.0714285714285714
"609",0,0.0104940690636345,0.0115777705368542,0.0070371606136834,0.824949698189135
"610",0,0.00914289092622552,0.0033409550884287,0.00870197414299449,0.24749498997996
"611",0,0.0316492720716377,0.00191407946887409,0.000440523994255299,0.498492462311558
"612",0,0.00722608908939767,0.0108164224764759,0.000405712502465894,0.81608040201005
"613",0,0.00502057746803141,0.0461145213303572,0.0122323515481668,0.51963746223565
"614",0,0.00513105748311373,0.00409880471470616,0.010504463118669,0.0532128514056225
"615",0,0.0311185579632217,0.00555429532628714,0.0209075118689483,0.42685370741483
"616",0,0.00472451095192185,0.00146412862065077,0.0242273559533306,0.287575150300601
"617",0,0.014943752870744,0.0799996882300631,0.00834887967356291,0.790954773869347
"618",0,0.00595872886657145,0.00149029189623411,0.0856869501876756,0.705115346038114
"619",0,0.00383493308151046,0.00729084196188397,0.000427206472490021,0.824773413897281
"620",0,0.0100859809832233,0.00276296445864407,0.0631642450386073,0.413239719157472
"621",0,0.00465962245824222,0.00511704675386678,0.0209562196301718,0.428714859437751
"622",0,0.0205435559701111,0.051436069663252,0.0634746346526759,0.56811301715439
"623",0,0.0103698569853891,0.00197982637172628,0.00904346139308402,0.735470941883767
"624",0,0.00735624218893313,0.00548956827261365,0.0244342086349848,0.752016129032258
"625",0,0.00773425484890335,0.000844150444896263,0.000363947286326162,0.787726358148893
"626",0,0.0713636924620153,0.0303129127239601,0.00584910918905885,0.208835341365462
"627",0,0.0193492039573546,0.00398974100722873,0.0349133692320749,0.0523665659617321
"628",0,0.00830550730016273,0.0899940209800001,0.0146736153753335,0.775879396984925
"629",0,0.00280384401851931,0.00728857383327125,0.00140552054110569,0.295180722891566
"630",0,0.0423296436504561,0.0105887849603006,0.00299549740828922,0.0801603206412826
"631",0,0.0707615638532161,0.0344683999316956,0.000404000499419154,0.739478957915832
"632",0,0.00732255811147389,0.00387534814335783,0.0124477540818461,0.109327983951856
"633",0,0.00429698227008037,0.00271229102262842,0.000162600395114391,0.650251256281407
"634",0,0.0363555816370319,1.69360025909941e-06,0.000522733026476251,0.355130784708249
"635",0,0.0231566369174414,0.00501755282828039,0.00580181857098836,0.051307847082495
"636",0,0.00836156148180105,0.00414829096631319,0.0085667284220415,0.234939759036145
"637",0,0.0195408546466959,0.00169948859259365,0.0124721712557468,0.824120603015075
"638",0,0.0192358618027368,0.0045326727052238,0.0266195586469462,0.153768844221106
"639",0,0.00245327853101091,0.00915448055539723,0.0282227583790537,0.193353474320242
"640",0,0.00517598548312754,0.00230355070049423,0.00631142530445055,0.416416416416416
"641",0,0.284959323363163,0.00168255745144534,0.00895104495678323,0.223671013039117
"642",0,0.00852507217238456,0.00202189771667136,0.00713772256166222,0.260825780463243
"643",0,0.026227376307422,0.0700434412358936,0.0124015288993937,0.911823647294589
"644",0,0.0328820485535534,3.00350245393263e-07,0.00710978218196717,0.222334004024145
"645",0,0.0225643291474123,0.00129665236768378,0.00998508801452883,0.945564516129032
"646",0,0.0197276399457551,0.00914209728258247,0.00566326661757688,0.847695390781563
"647",0,0.00910811562923814,0.0024750411888472,0.00813254199411239,0.0451807228915663
"648",0,0.0292897124167504,0.00206166245181043,0.0105498782504091,0.0734406438631791
"649",0,0.014368580645602,0.0107641583999322,0.000358208878581499,0.152152152152152
"650",0,0.0243471842259419,0.0072738493118946,0.00430898761902838,0.215430861723447
"651",0,0.0119237119369975,0.00566641834351779,0.0448210197384618,0.823115577889447
"652",0,0.0179347197253687,0.0645502403983826,0.0585530731301109,0.533199195171026
"653",0,0.00558042730969879,0.00283696941180846,0.0223781759911434,0.467871485943775
"654",0,0.00758016656586702,0.00236683804269136,0.010535195740865,0.0340681362725451
"655",0,0.00203181893405444,0.00916603122116649,0.0117074604807274,0.192192192192192
"656",0,0.0784572278334575,0.00341358695132974,0.0160086128410084,0.377131394182548
"657",0,0.0085459273662671,0.0177456970145488,0.0110549296655648,0.432865731462926
"658",0,0.0110694834819396,5.78527372255694e-09,0.0135570513826835,0.652610441767068
"659",0,0.00227807701043753,0.00528694380980372,0.000967842685044094,0.217434869739479
"660",0,0.0171853371530966,0.002420690566263,0.00794817088427259,0.674698795180723
"661",0,0.0467307756423811,0.0325579126093015,0.00298133829079489,0.0884422110552764
"662",0,0.0101778469270183,0.040048985306266,0.000229028024082471,0.163819095477387
"663",0,0.0106663537068279,0.00119281956410108,0.000632431180363437,0.544265593561368
"664",0,0.00886533228444208,0.00618988346902105,0.0388788408918108,0.0976837865055388
"665",0,0.00433965334529951,0.00245969913146324,0.000378624925784048,0.496482412060302
"666",0,0.0178031532699882,0.0112197247960668,0.0127443926486839,0.16566265060241
"667",0,0.00645884412187935,0.00230086456302676,0.0119525765423656,0.0662650602409639
"668",0,0.00323358208809826,2.04053179616715e-11,0.00831408085638166,0.316265060240964
"669",0,0.0284822012742567,0.0113814489126663,0.0028869422542307,0.840040241448692
"670",0,0.00819714718695425,0.00290806469807096,0.00714521413930575,0.484909456740443
"671",0,0.0287957735588976,0.0592335522267403,0.0239327485275207,0.268611670020121
"672",0,0.0151734561423333,0.00284895976344913,0.0148821339705159,0.55095862764884
"673",0,0.0135475420794583,0.00562275153441383,0.000253386021787695,0.114228456913828
"674",0,0.00820173500525652,0.033066443869806,0.0255332474245074,0.238190954773869
"675",0,0.0303186872663916,0.0177510419426374,0.00101546343790831,0.315577889447236
"676",0,0.0242891073134957,0.00942093747382923,0.0121889712772915,0.194583751253761
"677",0,0.012082571371726,0.000815939261093851,0.0016462192601679,0.368951612903226
"678",0,0.00502179190797554,0.0020129290329428,0.0171155522142805,0.804494382022472
"679",1,0.00476111637775754,0.0362046751647445,0.00181939257894215,0.249498997995992
"680",0,0.00435765455544659,0.00925886279239294,0.0106535077832823,0.691382765531062
"681",0,0.00155525664783458,0.0104832025729513,0.0312262444457691,0.308542713567839
"682",0,0.0244800108570102,0.0956956082675174,0.00859135557371598,0.263846928499496
"683",0,0.0116310109194337,0.0027741399758951,0.00468046821072339,0.307228915662651
"684",0,0.00501284719133496,0.00334185242699239,0.00860366650521781,0.0753768844221105
"685",0,0.0149236931915149,0.0079880817083506,0.23838816790658,0.434302908726179
"686",0,0.0123202428859599,0.0153837309707625,0.0022714179643236,0.66098294884654
"687",0,0.00596262415419648,0.0261784094852586,0.00281669881981695,0.114572864321608
"688",0,0.00335966277423516,0.00329343159919571,0.00720133942890948,0.764056224899598
"689",0,0.0270349228724271,0.00150706022831824,0.00372239475839036,0.0964824120603015
"690",0,0.0249799624231925,0.0281502903444515,0.0501862144270382,0.110330992978937
"691",0,0.00325488596777754,0.0203611000536692,0.00280213026400029,0.11623246492986
"692",0,0.00594306204196899,0.0276983197366868,0.0152177825085261,0.187374749498998
"693",0,0.0191051117999737,0.0103055415213111,0.00278205887997971,0.400605449041372
"694",0,0.00328972023141989,0.0038958133695664,0.000652866547073788,0.322289156626506
"695",0,0.0146780574772001,0.0104831869967477,0.00809224297065732,0.0710710710710711
"696",0,0.0412954878868743,0.00346592905543575,0.00655564966461031,0.877755511022044
"697",0,0.0108596183404249,0.00443748476653547,0.000711444267678993,0.293762575452716
"698",0,0.0065819343057371,0.00133878192103947,0.00276017941858774,0.0702106318956871
"699",0,0.0223466442277282,0.000328230420523069,0.0167054337918489,0.33901705115346
"700",0,0.00956166124133616,0.0462629091003014,0.0152822243786164,0.162977867203219
"701",0,0.0116624900560425,0.00294206992421035,0.000387625628600419,0.0731462925851703
"702",0,0.00419259669655549,0.00757713843940187,0.00390686642319725,0.0603621730382294
"703",0,0.0498187987249241,0.00499988141359291,0.00907905338772387,0.206827309236948
"704",0,0.0190311340262024,0.00460604306220843,0.131289251893187,0.308542713567839
"705",0,0.00926500830807929,0.00145609432533169,0.0590658550315995,0.0866062437059416
"706",0,0.00454762584142285,0.00580928478249823,0.00452753996815586,0.209255533199195
"707",0,0.0200545788410575,0.0109758474210341,0.0180451700644299,0.766064257028112
"708",0,0.0049387348841027,0.0105291336699997,0.000432946517950038,0.0763819095477387
"709",0,0.00360082063471547,0.0195141381667117,0.00528064602328846,0.150753768844221
"710",0,0.0064230712002796,0.00333219238680045,0.000385068040857305,0.0671342685370741
"711",0,0.0097332136089746,0.0126016529938094,0.0144950798829645,0.123246492985972
"712",0,0.00562804210661608,0.000410354856611201,0.0170290250060231,0.0381143430290873
"713",0,0.0752971076761194,0.0329008378004843,0.0349814792526895,0.589949748743719
"714",0,0.00542797768160515,0.0204733498019756,0.0323571585474196,0.153153153153153
"715",0,0.0251703257069608,0.00395104932259673,0.0279688823344652,0.869346733668342
"716",0,0.00365153637767912,0.049562619240151,0.00565964191042509,0.846231155778895
"717",0,0.0355392661170421,0.0146945626301678,0.0139084974343825,0.405025125628141
"718",0,0.0331497646192027,0.00523352718706883,0.0150058441685742,0.250501002004008
"719",0,0.00593200791966523,0.0237669964176184,0.00108586322834836,0.109768378650554
"720",0,0.0117341760273128,0.0626946185196792,0.0546625251372339,0.16012084592145
"721",0,0.00375098164492099,0.0122758808709669,0.011222170851936,0.0471887550200803
"722",0,0.00373340797405203,0.0195227486412959,0.0100671727831408,0.597389558232932
"723",0,0.00436455949617357,0.00737135620317951,0.00435083588326808,0.231927710843373
"724",0,0.0399040467416684,0.0431372886300063,0.0394906131986519,0.129518072289157
"725",0,0.0473599158153483,0.00438736951566416,0.0835086502250372,0.0944723618090452
"726",0,0.0119423985865034,0.0319836309154135,0.243028164358915,0.12964824120603
"727",0,0.0101043486056246,0.00227204599949409,0.0169590566983594,0.161646586345382
"728",0,0.010879767792896,0.0461344817748007,0.000145286192336745,0.041123370110331
"729",0,0.0387469885746854,0.0140968441819798,0.0055529147475823,0.0752256770310933
"730",0,0.00958193029207958,0.00967756894040745,0.011988399090372,0.629778672032193
"731",0,0.00749277869556569,0.00306470063406235,0.00721935508612007,0.0452261306532663
"732",0,0.00318375479878973,0.0361430643787714,0.0248837330181071,0.44689378757515
"733",0,0.00766348542735295,0.00248658783776168,0.0175941328276287,0.0610610610610611
"734",0,0.0096294827378822,0.00338855583577951,0.00106464547126279,0.41105527638191
"735",0,0.00763094888756802,0.00320385939805773,0.0125222593493049,0.202607823470411
"736",0,0.0109269261944594,0.0093452588047543,0.00508831045690306,0.720603015075377
"737",0,0.00355068312863314,0.000860076375865429,0.0144320630208808,0.297786720321932
